{"連江縣":[119.914866265902,26.15970896534525],"宜蘭縣":[121.661978553808,24.559468651085613],"彰化縣":[120.47825143662402,23.97056535449821],"南投縣":[120.96223955470164,23.822943683405732],"雲林縣":[120.42728010756315,23.71382153643351],"基隆市":[121.72027470746073,25.12639592707742],"臺北市":[121.55679408709062,25.084562663830425],"新北市":[121.51368000949736,24.88453554553223],"臺中市":[120.74195891868992,24.18861164112716],"臺南市":[120.32381615623879,23.115438452916294],"桃園市":[121.23800247890674,24.953469718589044],"苗栗縣":[120.90762487612525,24.467803649342535],"嘉義市":[120.44554203750086,23.484341489936153],"嘉義縣":[120.2441576221997,23.45497667555334],"金門縣":[118.36551334554787,24.452918568282954],"高雄市":[120.6086917647141,22.96756638113356],"臺東縣":[121.02210703314664,22.926447169134704],"花蓮縣":[121.38985672982776,23.736636808275076],"澎湖縣":[119.56994157709325,23.573799862010997],"新竹市":[120.96170449731314,24.8290719742451],"新竹縣":[121.15439752353421,24.705305395864332],"屏東縣":[120.60323283365837,22.56201699875994]}